<?xml version="1.0" encoding="utf-8"?>
<!--/822535/1109116/2.50/5/4/Variable Resistor/-->
<quadcept_library>
  <setting unit="mil" />
  <textstyle name="Default" height="47.244094488189" strokewidth="7.8740157480315" charwidth="47.244094488189" />
  <textstyle name="Dimension" height="19.6850393700787" strokewidth="0" charwidth="19.6850393700787" />
  <textstyle name="H127W0635TH00762" height="50" strokewidth="3" charwidth="25" />
  <textstyle name="H15W15TH02" height="59.0551181102362" strokewidth="7.8740157480315" charwidth="59.0551181102362" />
  <padstyle name="c180_h120" surface="False" plated="True" isvia="False" nopaste="True" nomask="True" complex="False" holesize="47.244094488188">
    <padshape layer="TOP" shape="round" width="70.866141732283" height="70.866141732283" />
    <padshape layer="TOP_SOLDER_MASK" shape="round" width="78.740157480314" height="78.740157480314" />
    <padshape layer="INNER" shape="round" width="70.866141732283" height="70.866141732283" />
    <padshape layer="BOTTOM" shape="round" width="70.866141732283" height="70.866141732283" />
    <padshape layer="BOTTOM_SOLDER_MASK" shape="round" width="78.740157480314" height="78.740157480314" />
  </padstyle>
  <padstyle name="c457.2_h304.8" surface="False" plated="True" isvia="False" nopaste="True" nomask="True" complex="False" holesize="120">
    <padshape layer="TOP" shape="round" width="180" height="180" />
    <padshape layer="TOP_SOLDER_MASK" shape="round" width="187.87401574803" height="187.87401574803" />
    <padshape layer="INNER" shape="round" width="180" height="180" />
    <padshape layer="BOTTOM" shape="round" width="180" height="180" />
    <padshape layer="BOTTOM_SOLDER_MASK" shape="round" width="187.87401574803" height="187.87401574803" />
  </padstyle>
  <footprint name="RV09AF4020KB50K" originx="0" originy="0" pickpointx="0" pickpointy="0">
    <pcbpin number="1" name="1" style="c180_h120" originx="0" originy="0" rotation="90" />
    <pcbpin number="2" name="2" style="c180_h120" originx="98.425196850392" originy="0" rotation="90" />
    <pcbpin number="3" name="3" style="c180_h120" originx="196.85039370078" originy="0" rotation="90" />
    <pcbpin number="4" name="MH1" style="c457.2_h304.8" originx="-74.803149606298" originy="275.5905511811" rotation="90" />
    <pcbpin number="5" name="MH2" style="c457.2_h304.8" originx="271.65354330708" originy="275.5905511811" rotation="90" />
    <line layer="TOP_ASSEMBLY" originx="-94.488188976377" originy="492.12598425196" endx="291.33858267716" endy="492.12598425196" width="7.8740157480314" />
    <line layer="TOP_ASSEMBLY" originx="291.33858267716" originy="492.12598425196" endx="291.33858267716" endy="0" width="7.8740157480314" />
    <line layer="TOP_ASSEMBLY" originx="291.33858267716" originy="0" endx="-94.488188976377" endy="0" width="7.8740157480314" />
    <line layer="TOP_ASSEMBLY" originx="-94.488188976377" originy="0" endx="-94.488188976377" endy="492.12598425196" width="7.8740157480314" />
    <line layer="TOP_PLACE_BOUND" originx="-204.17322834645" originy="531.49606299212" endx="401.02362204724" endy="531.49606299212" width="3.9370078740157" />
    <line layer="TOP_PLACE_BOUND" originx="401.02362204724" originy="531.49606299212" endx="401.02362204724" endy="-82.67716535433" width="3.9370078740157" />
    <line layer="TOP_PLACE_BOUND" originx="401.02362204724" originy="-82.67716535433" endx="-204.17322834645" endy="-82.67716535433" width="3.9370078740157" />
    <line layer="TOP_PLACE_BOUND" originx="-204.17322834645" originy="-82.67716535433" endx="-204.17322834645" endy="531.49606299212" width="3.9370078740157" />
    <line layer="TOP_SILKSCREEN" originx="-94.488188976377" originy="393.70078740157" endx="-94.488188976377" endy="492.12598425196" width="3.9370078740157" />
    <line layer="TOP_SILKSCREEN" originx="-94.488188976377" originy="492.12598425196" endx="295.27559055118" endy="492.12598425196" width="3.9370078740157" />
    <line layer="TOP_SILKSCREEN" originx="295.27559055118" originy="492.12598425196" endx="291.33858267716" endy="393.70078740157" width="3.9370078740157" />
    <line layer="TOP_SILKSCREEN" originx="-94.488188976377" originy="157.48031496063" endx="-94.488188976377" endy="0" width="3.9370078740157" />
    <line layer="TOP_SILKSCREEN" originx="-94.488188976377" originy="0" endx="-59.055118110235" endy="0" width="3.9370078740157" />
    <line layer="TOP_SILKSCREEN" originx="255.90551181102" originy="0" endx="291.33858267716" endy="0" width="3.9370078740157" />
    <line layer="TOP_SILKSCREEN" originx="291.33858267716" originy="0" endx="291.33858267716" endy="157.48031496063" width="3.9370078740157" />
    <line layer="TOP_SILKSCREEN" originx="-59.055118110235" originy="-39.370078740157" endx="-59.055118110235" endy="-39.370078740157" width="19.685039370078" />
    <arc layer="TOP_SILKSCREEN" originx="-59.055118110235" originy="-41.338582677165" startangle="90.0" sweepangle="180.0" radius="1.9685039370079" width="19.685039370078" />
    <line layer="TOP_SILKSCREEN" originx="-59.055118110235" originy="-43.307086614173" endx="-59.055118110235" endy="-43.307086614173" width="19.685039370078" />
    <arc layer="TOP_SILKSCREEN" originx="-59.055118110235" originy="-41.338582677165" startangle="-90.0" sweepangle="180.0" radius="1.9685039370079" width="19.685039370078" />
  </footprint>
  <symbol name="RV09AF-40-20K-B50K" originx="0" originy="0">
    <line originx="200" originy="100" endx="900" endy="100" width="0" />
    <line originx="900" originy="-300" endx="900" endy="100" width="0" />
    <line originx="900" originy="-300" endx="200" endy="-300" width="0" />
    <line originx="200" originy="100" endx="200" endy="-300" width="0" />
    <sympin number="1" originx="200" originy="0" rotation="180" length="100" width="7.8740157480315" flipped="False">
      <text name="pinname" originx="230" originy="0" style="Default" rotation="0" justify="left" flipped="False" hidden="False" data="CCW" />
      <text name="pindes" originx="140" originy="20" style="Default" rotation="0" justify="lowerright" flipped="False" hidden="False" data="1" />
    </sympin>
    <sympin number="2" originx="200" originy="-100" rotation="180" length="100" width="7.8740157480315" flipped="False">
      <text name="pinname" originx="230" originy="-100" style="Default" rotation="0" justify="left" flipped="False" hidden="False" data="WIPER" />
      <text name="pindes" originx="140" originy="-80" style="Default" rotation="0" justify="lowerright" flipped="False" hidden="False" data="2" />
    </sympin>
    <sympin number="3" originx="200" originy="-200" rotation="180" length="100" width="7.8740157480315" flipped="False">
      <text name="pinname" originx="230" originy="-200" style="Default" rotation="0" justify="left" flipped="False" hidden="False" data="CW" />
      <text name="pindes" originx="140" originy="-180" style="Default" rotation="0" justify="lowerright" flipped="False" hidden="False" data="3" />
    </sympin>
    <sympin number="4" originx="900" originy="0" rotation="0" length="100" width="7.8740157480315" flipped="False">
      <text name="pinname" originx="870" originy="0" style="Default" rotation="0" justify="right" flipped="False" hidden="False" data="MH1" />
      <text name="pindes" originx="960" originy="20" style="Default" rotation="0" justify="lowerleft" flipped="False" hidden="False" data="MH1" />
    </sympin>
    <sympin number="5" originx="900" originy="-100" rotation="0" length="100" width="7.8740157480315" flipped="False">
      <text name="pinname" originx="870" originy="-100" style="Default" rotation="0" justify="right" flipped="False" hidden="False" data="MH2" />
      <text name="pindes" originx="960" originy="-80" style="Default" rotation="0" justify="lowerleft" flipped="False" hidden="False" data="MH2" />
    </sympin>
  </symbol>
  <component name="RV09AF-40-20K-B50K" designatorprefix="VR" height="807.08661417322" footprint="RV09AF4020KB50K">
    <comppin designator="1" sympin="1" pinswap="0" gateswap="0" gate="1" group="1" side="" type="Any" name="CCW" />
    <comppin designator="2" sympin="2" pinswap="0" gateswap="0" gate="1" group="1" side="" type="Any" name="WIPER" />
    <comppin designator="3" sympin="3" pinswap="0" gateswap="0" gate="1" group="1" side="" type="Any" name="CW" />
    <comppin designator="MH1" sympin="4" pinswap="0" gateswap="0" gate="1" group="1" side="" type="Any" name="MH1" />
    <comppin designator="MH2" sympin="5" pinswap="0" gateswap="0" gate="1" group="1" side="" type="Any" name="MH2" />
    <attached_symbol gate="1" name="RV09AF-40-20K-B50K" />
    <pinmap designator="1" footprintpin="1" />
    <pinmap designator="2" footprintpin="2" />
    <pinmap designator="3" footprintpin="3" />
    <pinmap designator="MH1" footprintpin="4" />
    <pinmap designator="MH2" footprintpin="5" />
    <text name="Datasheet" originx="0" originy="0" style="Default" rotation="0" justify="" flipped="False" hidden="True" data="https://componentsearchengine.com/Datasheets/1/RV09AF-40-20K-B50K.pdf" />
    <text name="Description" originx="0" originy="0" style="Default" rotation="0" justify="" flipped="False" hidden="True" data="Potentiometers 9mm Linear 50K" />
    <text name="Mouser Part Number" originx="0" originy="0" style="Default" rotation="0" justify="" flipped="False" hidden="True" data="317-2090F-50K" />
    <text name="Mouser Price/Stock" originx="0" originy="0" style="Default" rotation="0" justify="" flipped="False" hidden="True" data="https://www.mouser.co.uk/ProductDetail/Alpha-Taiwan/RV09AF-40-20K-B50K?qs=GFacVd7qpzD6LCVA5CDOsA%3D%3D" />
    <text name="Manufacturer_Name" originx="0" originy="0" style="Default" rotation="0" justify="" flipped="False" hidden="True" data="Alpha (Taiwan)" />
    <text name="Manufacturer_Part_Number" originx="950" originy="200" style="Default" rotation="0" justify="left" flipped="False" hidden="False" data="RV09AF-40-20K-B50K" />
  </component>
</quadcept_library>
